ABEO|Abeona Therapeutics|Buy|APHA|153|50|$3.06 |
ABEO|Abeona Therapeutics|Buy|30 Nov|397.5|250|$1.59 |
ABEO|Abeona Therapeutics|Buy|7 Oct|634.9|500|$1.27 |
ABEO|Abeona Therapeutics|Sell|27 Nov|410.3|250|$1.64 |
ABEO|Abeona Therapeutics|Sell|9 Oct|423.33|300|$1.41 |
ADPT|Adaptive Biotechnologies|Buy|21 Jul|3962.99|100|$39.63 |
ADPT|Adaptive Biotechnologies|Sell|15 Sep|4375.29|100|$43.75 |
ADMA|ADMA Biologics|Buy|10 Nov|657.27|350|$1.88 |
 ADMA|ADMA Biologics| Buy |6 Aug|1004.5|350|$2.87 |
ADT|ADT| Buy |17 Sep|920|100|$9.20 |
 ADT|ADT|Buy|21 Sep|860.81|100|$8.61 |
AGRX|Agile Therapeutics|Buy|23 Jun|283|100|$2.83 |
AGRX|Agile Therapeutics|Buy|24 Jun|581.74|200|$2.91 |
AGRX|Agile Therapeutics|Sell|21 Aug|732.33|255|$2.87 |
AGRX|Agile Therapeutics|Sell|25 Aug|749.7|245|$3.06 |
ALDX|Aldeyra Therapeutics|Buy|13 Nov|1024.88|150|$6.83 |
ALDX|Aldeyra Therapeutics|Buy|21 Sep|1039.43|150|$6.93 |
ALDX|Aldeyra Therapeutics|Buy|22 Jun|841.5|200|$4.21 |
ALDX|Aldeyra Therapeutics|Buy|28 Oct|978.33|150|$6.52 |
ALDX|Aldeyra Therapeutics|Buy|6 Aug|1000.5|150|$6.67 |
ALDX|Aldeyra Therapeutics|Sell|15 Sep|2157.24|300|$7.19 |
ALDX|Aldeyra Therapeutics|Sell|16 Sep|706.01|100|$7.06 |
ALDX|Aldeyra Therapeutics|Sell|25 Nov|3024|450|$6.72 |
ALDX|Aldeyra Therapeutics|Sell|9 Jul|1268.3|250|$5.07 |
ALNA|Allena Pharmaceuticals|Buy|11 Sep|548.85|499|$1.10 |
ALNA|Allena Pharmaceuticals| Buy |16 Jul|407.64|258|$1.58 |
ALNA|Allena Pharmaceuticals|Buy|23 Jul|70.56|42|$1.68 |
ALNA|Allena Pharmaceuticals|Buy|5 Aug|277.78|200|$1.39 |
ALNA|Allena Pharmaceuticals|Sell|16 Sep|680.1|500|$1.36 |
GOOG|Alphabet Class C|Buy|20 Nov|3531.03|2|$1,765.52 |
AYX|Alteryx| Buy |10 Aug|1767.84|16|$110.49 |
AYX|Alteryx|Sell|15 Sep|1746.38|16|$109.15 |
AMRN|Amarin|Buy|16 Jul|670.99|100|$6.71 |
AMRN|Amarin|Sell|21 Aug|696.02|101|$6.89 |
AMD|AMD|Sell|24 Jul|346.2|5|$69.24 |
AAL|American Airlines|Buy|20 Jul|114.6|10|$11.46 |
AAL|American Airlines|Sell|10 Jun|743.86|45|$16.53 |
AAL|American Airlines|Sell|7 Oct|194.75|15|$12.98 |
AVXL|Anavex|Buy|8 Jun|597|150|$3.98 |
AVXL|Anavex|Sell|26 Aug|622.8|150|$4.15 |
APHA|Aphria|Sell|14 Aug|22.8|5|$4.56 |
APHA|Aphria|Sell|18 Jun|896.36|200|$4.48 |
APHA|Aphria|Sell|22 Jul|996.47|195|$5.11 |
APTX|Aptinyx|Buy|18 Jun|825|200|$4.13 |
APTX|Aptinyx|Buy|21 Oct|404|100|$4.04 |
APTX|Aptinyx|Buy|22 Jun|413|100|$4.13 |
APTX|Aptinyx|Buy|26 Oct|599|200|$3.00 |
APTX|Aptinyx|Buy|4 Sep|971.55|300|$3.24 |
APTX|Aptinyx|Sell|10 Aug|1248.27|299|$4.17 |
APTX|Aptinyx|Sell|9 Oct|1172.24|301|$3.89 |
AQST|Aquestive Therapeutics|Buy|16 Jul|421.94|100|$4.22 |
AQST|Aquestive Therapeutics|Buy|20 Nov|339.59|50|$6.79 |
AQST|Aquestive Therapeutics|Buy|27 Aug|380.5|50|$7.61 |
AQST|Aquestive Therapeutics|Buy|29 Oct|1037.16|200|$5.19 |
AQST|Aquestive Therapeutics|Buy|3 Jul|244.5|50|$4.89 |
AQST|Aquestive Therapeutics| Buy |4 Aug|861|150|$5.74 |
AQST|Aquestive Therapeutics|Sell|12 Nov|632.13|100|$6.32 |
AQST|Aquestive Therapeutics|Sell|15 Sep|833.15|100|$8.33 |
AQST|Aquestive Therapeutics|Sell|23 Sep|402.26|50|$8.05 |
AQST|Aquestive Therapeutics|Sell|9 Sep|1617.06|200|$8.09 |
ABUS|Arbutus Biopharma|Buy|23 Jul|725|100|$7.25 |
ABUS|Arbutus Biopharma|Buy|24 Jul|1225.76|200|$6.13 |
ABUS|Arbutus Biopharma| Buy |4 Aug|2231.88|600|$3.72 |
ABUS|Arbutus Biopharma|Sell|5 Aug|1899|450|$4.22 |
ABUS|Arbutus Biopharma|Sell|9 Oct|1437.75|450|$3.20 |
ARMP|Armata Pharmaceuticals|Buy|16 Nov|644.64|200|$3.22 |
 |Armata Pharmaceuticals|Buy|9 Sep|317.48|100|$3.17 |
AZN|AstraZeneca| Buy |17 Jul|6250|100|$62.50 |
AXGN|Axogen|Sell|2 Oct|567.5|50|$11.35 |
 |Axogen|Sell|7 Oct|609.55|50|$12.19 |
BLDP|Ballard Power Systems|Buy|21 Oct|400.75|25|$16.03 |
BAC|Bank of America|Sell|10 Jun|1913.29|70|$27.33 |
 |Bank of America|Sell|18 Aug|127.61|5|$25.52 |
BIGC|Big Commerce| Buy |18 Sep|1493.69|20|$74.68 |
 |Big Commerce|Buy|30 Oct|2115.61|29|$72.95 |
 |Big Commerce|Buy|31 Aug|589.13|5|$117.83 |
 |Big Commerce|Sell|7 Oct|2328.24|24|$97.01 |
BIOC|Biocept|Buy|5 Aug|443|500|$0.886 |
 |Biocept| Buy |7 Oct|889.2|180|$4.94 |
 |Biocept|Buy|8 Jul|300|400|$0.75 |
BTAI|BioXcel Therapeutics|Buy|14 Aug|3918.46|100|$39.18 |
 |BioXcel Therapeutics|Buy|19 Nov|489.8|10|$48.98 |
 |BioXcel Therapeutics|Buy|1 Dec|2146.72|50|$42.93 |
 |BioXcel Therapeutics|Buy|22 Sep|4179.99|100|$41.80 |
 |BioXcel Therapeutics|Buy|23 Nov|924.8|20|$46.24 |
 |BioXcel Therapeutics|Buy|28 Oct|448.89|10|$44.89 |
 |BioXcel Therapeutics|Buy|31 Jul|1797.6|40|$44.94 |
 |BioXcel Therapeutics|Buy|3 Aug|915.1|20|$45.76 |
 |BioXcel Therapeutics|Sell|16 Sep|5970.6|124|$48.15 |
 |BioXcel Therapeutics|Sell|7 Oct|5806.51|115|$50.49 |
BAC|Boeing|Sell|21 Aug|1690.4|10|$169.04 |
BYD|Boyd Gaming|Sell|22 Jul|111.95|5|$22.39 |
CZR|Caesars Entertainment|Sell|24 Jul|863.38|25|$34.54 |
CKPT|Checkpoint Therapeutics| Buy |16 Jul|449.95|250|$1.80 |
 |Checkpoint Therapeutics|Buy|22 Sep|154.75|50|$3.10 |
 CEMI|Chembio|Buy|14 Jul|565.5|100|$5.66 |
 |Chembio| Buy |15 Jul|510|100|$5.10 |
 |Chembio|Sell|21 Jul|1046|200|$5.23 |
 CDXC|ChromaDex|Buy|18 Aug|514.99|100|$5.15 |
 CIIC|CIIG Merger|Buy|1 Dec|1012.85|50|$20.26 |
 |CIIG Merger|Buy|30 Nov|543.16|25|$21.73 |
 |CIIG Merger|Buy|30 Nov|581.5|25|$23.26 |
CLDR|Cloudera|Sell|10 Jun|5807.1|500|$11.61 |
 |Cloudera|Sell|21 Jul|5836.2|500|$11.67 |
 |Cloudera|Sell|24 Jul|2967.57|258|$11.50 |
COCP|Cocrystal Pharma| Buy |13 Nov|217.5|250|$0.87 |
 |Cocrystal Pharma| Buy |1 Dec|143|100|$1.43 |
 |Cocrystal Pharma|Buy|1 Dec|162.86|100|$1.63 |
 CLGX|Corelogic|Buy|22 Jul|1710.75|25|$68.43 |
 CLGX|Corelogic|Sell|23 Jul|1709.61|25|$68.38 |
REIT|Credit Suisse X-Links Monthly Pay 2xLeveraged Mortgage REIT ETNs due July 11; 2036|Buy|10 Jun|805|200|$4.03 |
REIT|Credit Suisse X-Links Monthly Pay 2xLeveraged Mortgage REIT ETNs due July 11; 2036|Buy|8 Jun|968|200|$4.84 |
REIT|Credit Suisse X-Links Monthly Pay 2xLeveraged Mortgage REIT ETNs due July 11; 2036|Sell|18 Aug|1622|400|$4.06 |
CYCC|Cyclacel Pharmaceuticals| Buy |16 Jul|673.5|150|$4.49 |
 |Cyclacel Pharmaceuticals|Buy|26 Oct|507.75|150|$3.39 |
 CTSO|Cytosorbents|Buy|27 Aug|1024.18|125|$8.19 |
 |Cytosorbents|Sell|16 Sep|2103.75|250|$8.42 |
 |Delta Air Lines|Buy|12 Jul|679.5|25|$27.18 |
 |Delta Air Lines|Buy|26 Oct|794.25|25|$31.77 |
 |Denny's|Buy|9 Jul|858.89|100|$8.59 |
 |Denny's|Sell|23 Jul|883.01|100|$8.83 |
 |Direxion Daily Aerospace & Defense Bull ETF|Buy|15 Jun|980.63|75|$13.08 |
 |Direxion Daily Aerospace & Defense Bull ETF|Buy|8 Jun|1055.4|50|$21.11 |
 |Dynavax|Buy|10 Aug|1556|200|$7.78 |
 |Dynavax|Buy|10 Nov|2090.21|499|$4.19 |Older 
 |Dynavax|Buy|17 Jul|574.41|50|$11.49 |
 |Dynavax|Buy|17 Jun|1227.74|200|$6.14 |
 |Dynavax|Buy|1 Sep|1643.61|300|$5.48 |
 |Dynavax|Buy|21 Jul|464.34|45|$10.32 |
 |Dynavax|Buy|24 Jul|921.99|100|$9.22 |
 |Dynavax|Sell|27 Nov|2366.01|499|$4.74 |
 |Dynavax|Sell|29 Jun|1745.27|195|$8.95 |
 |Edesa Biotech|Buy|16 Jul|537.5|100|$5.38 |
 |Edesa Biotech|Buy|26 Jun|273.5|50|$5.47 |
 |Edesa Biotech|Sell|16 Sep|385.95|50|$7.72 |
 |Edesa Biotech|Sell|4 Sep|912.27|100|$9.12 |
 |Eldorado Resorts|Buy|13 Jul|979.25|25|$39.17 |
 |Eton Pharmaceuticals|Buy|17 Jun|593.99|100|$5.94 |
 |Eton Pharmaceuticals|Sell|21 Aug|716.01|100|$7.16 |
 |Eton Pharmaceuticals|Sell|2 Oct|706.01|100|$7.06 |
 |Everspin|Buy|10 Aug|1122.52|200|$5.61 |
 |Everspin|Sell|9 Oct|1356.14|200|$6.78 |
 |Evofem|Buy|11 Aug|598|200|$2.99 |
 |Evofem|Buy|5 Aug|300.5|100|$3.01 |
 |Evofem|Sell|31 Aug|504.75|150|$3.37 |
 |Evofem|Sell|9 Oct|434.25|150|$2.90 |
 |Evoke Pharma| Buy |11 Aug|459|85|$5.40 |
 |Evoke Pharma|Buy|19 Jul|385|100|$3.85 |
 |Evoke Pharma|Buy|28 Oct|789.54|200|$3.95 |
 |Evoke Pharma|Sell|16 Sep|902.99|185|$4.88 |
 |Exicure|Buy|16 Jun|578|200|$2.89 |
 |Exicure|Buy|18 Nov|1413|900|$1.57 |
 |Exicure|Buy|22 Jun|513.98|200|$2.57 |
 |Exicure|Buy|23 Jul|1173.55|500|$2.35 |
 |Exicure|Buy|30 Jun|235.87|100|$2.36 |
 |Exicure|Sell|27 Nov|788.32|499|$1.58 |
 |Fastly|Buy|15 Oct|924.8|10|$92.48 |
 |Fastly| Buy |7 Aug|1541|20|$77.05 |
 |Fastly|Sell|2 Oct|1961.84|20|$98.09 |
 |Fisker|Sell|25 Nov|979.34|50|$19.59 |
 |ForeScout Technologies|Sell|22 Jul|231.36|8|$28.92 |
 |ForeScout Technologies|Sell|8 Jun|2308.86|100|$23.09 |
 |Franklin Resources|Buy|20 Jul|2052|100|$20.52 |
 |Franklin Resources|Sell|10 Jun|2290.86|99|$23.14 |
 |Franklin Resources|Sell|11 Aug|2287.01|100|$22.87 |
 |Gamida Cel|Buy|29 Oct|1065.66|200|$5.33 |
 |Genetic Technologies|Buy|21 Jul|461|100|$4.61 |
 |Global Blood Therapeutics|Buy|26 Jun|323.6|5|$64.72 |
 |Heat Biologics|Buy|10 Nov|492.76|499|$0.9875 |
 |Heat Biologics|Buy|20 Aug|849|600|$1.42 |
 |Heat Biologics|Buy|20 Jul|302|100|$3.02 |
 |Heat Biologics|Buy|23 Jul|560|200|$2.80 |
 |Hyliion|Buy|30 Oct|1856|100|$18.56 |
 |iBio|Buy|15 Jul|383|100|$3.83 |
 |iBio|Buy|16 Jul|474.75|150|$3.17 |
 |iBio|Buy|24 Jul|1057|200|$5.29 |
 |iBio|Sell|20 Jul|640.5|100|$6.41 |
 |iBio|Sell|5 Aug|1534.75|350|$4.39 |
 |Immunic|Buy|24 Jun|1586.98|100|$15.87 |
 |Immunic|Buy|24 Nov|868.81|50|$17.38 |
 |Immunic|Buy|24 Sep|1084.22|70|$15.49 |
 |Immunic|Buy|26 Jun|2882.9|200|$14.41 |
 |Immunic|Buy|2 Nov|1450.82|100|$14.51 |
 |Immunic|Buy|30 Oct|1572.07|100|$15.72 |
 |Immunic|Buy|5 Aug|902|50|$18.04 |
 |Immunic|Sell|1 Dec|3648.94|200|$18.24 |
 |Immunic|Sell|20 Jul|2886|200|$14.43 |
 |Immunic|Sell|2 Oct|3216.49|170|$18.92 |
 |INmune Bio|Buy|16 Jul|1068|100|$10.68 |
 |INmune Bio|Buy|23 Jul|596.75|50|$11.94 |
 |Inovio|Sell|15 Jul|2405.37|100|$24.05 |
 |Inovio|Sell|24 Jun|2367.34|100|$23.67 |
 |Inovio|Sell|26 Jun|5414.6|200|$27.07 |
 |Intel|Buy|23 Jul|550|10|$55.00 |
 |Intel|Buy|24 Jul|511.65|10|$51.17 |
 |Intel|Sell|7 Oct|1317.75|25|$52.71 |
 |Invesco Mortgage Capital|Buy|21 Jul|681.54|200|$3.41 |
 |Invesco Mortgage Capital| Buy |22 Jun|694.5|150|$4.63 |
 |Invesco Mortgage Capital|Buy|8 Jun|619.98|100|$6.20 |
 |iQIYI|Sell|8 Jun|1748.19|100|$17.48 |
 |Itamar Medica|Buy|24 Nov|1044.44|50|$20.89 |
 |Kala Pharmaceuticals|Buy|18 Aug|897.99|100|$8.98 |
 |Kala Pharmaceuticals|Buy|27 Oct|1291.62|200|$6.46 |
 |Kala Pharmaceuticals|Buy|29 Jun|1051.99|100|$10.52 |
 |Kala Pharmaceuticals|Buy|9 Sep|839.99|100|$8.40 |
 |Kensington Capital|Buy|10 Sep|1919.99|100|$19.20 |
 |Kensington Capital|Buy|23 Sep|1689|100|$16.89 |
 |Kensington Capital|Buy|28 Oct|2374|200|$11.87 |
 |Kensington Capital|Buy|5 Sep|107.5|5|$21.50 |
 |Kezar Life Sciences|Buy|24 Nov|594.37|100|$5.94 |
 |Kodak| Buy |10 Aug|1056.2|99|$10.67 |
 |Kodak| Buy |4 Aug|1325|100|$13.25 |
 |Kodak|Buy|4 Aug|1367.99|100|$13.68 |
 |Kodak|Buy|9 Sep|1799.94|300|$6.00 |
 |Kodak| Sell |17 Sep|2250|200|$11.25 |
 |Kratos Defense & Security Solutions|Buy|22 Sep|4469.45|250|$17.88 |
 |Kratos Defense & Security Solutions|Buy|30 Oct|1824.69|100|$18.25 |
 |Kratos Defense & Security Solutions|Sell|13 Nov|2011.5|100|$20.12 |
 |Kratos Defense & Security Solutions|Sell|4 Sep|2859.7|149|$19.19 |
 |Kratos Defense & Security Solutions|Sell|9 Oct|5226.33|250|$20.91 |
 |Leap Therapeutics| Buy |17 Jun|191.7|90|$2.13 |
 |Leap Therapeutics|Buy|18 Aug|580.5|300|$1.94 |
 |Leap Therapeutics|Sell|9 Oct|822|400|$2.06 |
 |Limelight Networks|Buy|25 Nov|1108.75|250|$4.44 |
 |Lipocine|Sell|14 Aug|95.45|46|$2.08 |
 |Liquidia| Buy |13 Oct|1032.5|250|$4.13 |
 |Liquidia|Buy|14 Jul|273.2|40|$6.83 |
 |Liquidia|Buy|21 Jul|1345.98|200|$6.73 |
 |Liquidia|Buy|23 Jul|626|100|$6.26 |
 |Liquidia|Buy|28 Oct|1536.78|350|$4.39 |
 |Liquidia|Buy|7 Jul|80.2|10|$8.02 |
 |Liquidia|Buy|8 Jul|1102.35|150|$7.35 |
 |Liquidia|Sell|19 Nov|1178.52|350|$3.37 |
 |Live Nation|Buy|24 Jun|1989.35|45|$44.21 |
 |Live Nation|Sell|14 Jul|2289.85|50|$45.80 |
 |Live Nation|Sell|16 Jul|2317.1|45|$51.49 |
 |Live Nation|Sell|22 Jul|244.45|5|$48.89 |
 |Macquarie Infrastructure|Sell|10 Jun|3105.63|99|$31.37 |
 |MacroGenics|Sell|10 Jun|2923.93|145|$20.17 |
 |MacroGenics|Sell|14 Aug|135.65|5|$27.13 |
 |Magnachip|Buy|22 Jul|1051.38|99|$10.62 |
 |Magnachip|Sell|31 Jul|1130.58|99|$11.42 |
 |Menlo Therapeutics|Buy|19 Jun|453|200|$2.27 |
 |Menlo Therapeutics|Buy|23 Jul|334|200|$1.67 |
 |Menlo Therapeutics|Buy|29 Jun|193.86|108|$1.80 |
 |Merck|Sell|10 Jun|734.22|9|$81.58 |
 |MFA Financial|Buy|8 Jun|485.25|150|$3.24 |
 |MGIC|Buy|22 Jul|774.94|99|$7.83 |
 |MGIC|Sell|31 Jul|824.01|100|$8.24 |
 |MGM Resorts|Buy|5 Aug|1657.85|100|$16.58 |
 |MGM Resorts|Sell|20 Aug|1045.6|50|$20.91 |
 |MGM Resorts|Sell|7 Oct|1072.25|50|$21.45 |
 |Micron Technology|Buy|12 Jun|1989.13|40|$49.73 |
 |Micron Technology|Sell|14 Aug|2281.5|50|$45.63 |
 |Micron Technology|Sell|29 Jun|2593|50|$51.86 |
 |MicroSectors US Big Oil 3x Leveraged|Buy|18 Jun|230.25|50|$4.61 |
 |MicroSectors US Big Oil 3x Leveraged ETN|Sell|18 Oct|62.52|2|$31.26 |
 |Microsoft|Buy|21 Jul|2093.9|10|$209.39 |
 |Microsoft|Sell|23 Jul|2032.05|10|$203.21 |
 |Microsoft|Sell|8 Jun|940.55|5|$188.11 |
 |Moderna|Buy|13 Jul|1830.5|25|$73.22 |
 |Moderna|Buy|4 Aug|1562.31|20|$78.12 |
 |Moderna|Buy|9 Sep|2844.72|50|$56.89 |
 |Moderna|Sell|17 Jun|4412.4|70|$63.03 |
 |Mylan|Buy|8 Jul|1615.99|100|$16.16 |
 |Mylan|Sell|21 Jul|1661|100|$16.61 |
 |Ncino|Buy|16 Nov|1438.35|20|$71.92 |
 |NeuroBo Pharmaceuticals, Inc|Buy|17 Nov|1558.5|300|$5.20 |
 |Nikola|Buy|1 Dec|1712.77|100|$17.13 |
 |Nikola|Buy|21 Sep|1371.66|50|$27.43 |
 |Nikola|Buy|30 Nov|1054.5|50|$21.09 |
 |NIO|Buy|14 Oct|1338.81|50|$26.78 |
 |NIO|Sell|24 Nov|2754.19|50|$55.08 |
 |Novavax|Buy|23 Nov|2371.29|25|$94.85 |
 |Novavax|Sell|8 Jun|848.4|20|$42.42 |
 |NVIDIA|Sell|8 Jun|5267.4|15|$351.16 |
 |ObsEva|Buy|6 Jul|804.65|250|$3.22 |
 |ObsEva|Buy|8 Jun|846|150|$5.64 |
 |ObsEva|Sell|17 Jul|435.33|150|$2.90 |
 |ObsEva|Sell|7 Jul|739.9|250|$2.96 |
 |Occidental Petroleum Corporation Warrants to Purchase Common Stock|Sell|16 Sep|8.58|3|$2.86 |
 |Occidental Petroleum|Sell|22 Jul|507.05|30|$16.90 |
 |Ocugen, Inc|Buy|15 Jun|26.7|100|$0.267 |
 |Ocugen, Inc|Buy|7 Aug|281.95|500|$0.5639 |
 |Ocular Therapeutix|Buy|16 Oct|1577.69|150|$10.52 |
 |Ocular Therapeutix|Buy|28 Aug|921.36|100|$9.21 |
 |Ocular Therapeutix|Buy|2 Sep|1224.8|150|$8.17 |
 |Ocular Therapeutix|Sell|18 Jun|2671.41|300|$8.90 |
 |Ocular Therapeutix|Sell|26 Aug|2916.93|300|$9.72 |
 |Ocular Therapeutix|Sell|9 Oct|4000.68|350|$11.43 |
 |Onconova Therapeutics|Sell|16 Sep|121.52|500|$0.243 |
 |Onconova Therapeutics|Sell|18 Aug|507.5|500|$1.02 |
 |Oncternal Therapeutics|Buy|15 Oct|169.99|100|$1.70 |
 |Oncternal Therapeutics|Buy|18 Nov|1194|400|$2.99 |
 |Oncternal Therapeutics| Buy |8 Oct|368|200|$1.84 |
 |OptiNose|Buy|11 Sep|889|200|$4.45 |
 |OptiNose|Buy|17 Jul|845.58|150|$5.64 |
 |OptiNose|Buy|23 Nov|436.78|100|$4.37 |
 |OptiNose|Buy|24 Jul|491.5|100|$4.92 |
 |OptiNose|Sell|12 Aug|1624.35|245|$6.63 |
 |Oramed Pharmaceuticals|Buy|28 Oct|618.78|250|$2.48 |
 |ORBCOMM|Buy|16 Sep|918.75|250|$3.68 |
 |ORBCOMM|Buy|30 Nov|1399.4|250|$5.60 |
 |ORBCOMM|Sell|13 Nov|2770.8|500|$5.54 |
 |ORBCOMM|Sell|14 Aug|1080.53|250|$4.32 |
 |Ovid Therapeutics|Buy|22 Jun|1357.74|200|$6.79 |
Ovid Therapeutics|Sell|2 Dec|1901-08-11|199|$2.96 ||
 |Pershing Square Tontine Holdings, Ltd.|Buy|19 Nov|2390.5|100|$23.91 |
 |Plug Power|Buy|21 Oct|378.38|25|$15.14 |
 |Plug Power|Buy|21 Sep|1271|100|$12.71 |
 |Plug Power|Buy|23 Jul|426.36|50|$8.53 |
 |Plug Power|Buy|24 Sep|1101.99|100|$11.02 |
 |Plug Power|Buy|26 Oct|1085.25|75|$14.47 |
 |Plug Power|Buy|2 Sep|968.99|75|$12.92 |
 |Plug Power|Sell|13 Nov|2274.2|100|$22.74 |
 |Plug Power|Sell|16 Sep|1941.54|150|$12.94 |
 |Plug Power|Sell|21 Aug|1011.01|75|$13.48 |
 |Plug Power|Sell|29 Jun|1578|200|$7.89 |
 |Plug Power|Sell|2 Oct|2772.42|200|$13.86 |
 |Pluralsight|Sell|8 Jun|106.18|5|$21.24 |
 |Pluristem Therapeutics|Sell|16 Jul|1789.03|199|$8.99 |
 |Pluristem Therapeutics|Sell|18 Jun|3632.3|500|$7.26 |
 |Pluristem Therapeutics|Sell|25 Jun|2700.03|300|$9.00 |
 |Precigen|Buy|15 Jun|45|10|$4.50 |
 |Precigen| Buy |17 Jun|771.4|190|$4.06 |
 |Precigen|Buy|1 Dec|413.16|50|$8.26 |
 |Precigen|Buy|23 Jun|976|200|$4.88 |
 |Precigen|Sell|16 Nov|961.67|150|$6.41 |
 |Precigen|Sell|19 Jun|462.01|100|$4.62 |
 |Precigen|Sell|25 Nov|1122.75|150|$7.49 |
 |Precision BioSciences|Buy|12 Jul|410|50|$8.20 |
 |Precision BioSciences|Buy|12 Jul|410|50|$8.20 |
 |ProShares Ultra Bloomberg Crude Oil ETF|Buy|18 Jun|286.69|10|$28.67 |
 |ProShares Ultra Bloomberg Crude Oil ETF|Sell|24 Jul|313.5|10|$31.35 |
 |Protalix BioTherapeutics|Buy|16 Jul|348|100|$3.48 |
 |Protalix BioTherapeutics|Buy|24 Jun|390.99|100|$3.91 |
 |Protalix BioTherapeutics|Buy|8 Jun|391|100|$3.91 |
 |Protalix BioTherapeutics|Sell|9 Oct|1137.01|299|$3.80 |
 |Provention Bio|Buy|15 Jul|1264.77|100|$12.65 |
 |Provention Bio|Buy|21 Sep|2098.07|150|$13.99 |
 |Provention Bio|Buy|22 Sep|642.23|50|$12.84 |
 |Provention Bio|Buy|23 Jul|1670.99|150|$11.14 |
 |Provention Bio| Buy |2 Jul|1430|100|$14.30 |
 |Provention Bio|Buy|9 Sep|640.5|50|$12.81 |
 |Provention Bio|Sell|25 Aug|4032.03|300|$13.44 |
 |Provention Bio|Sell|9 Oct|4495.97|299|$15.04 |
 |Qualcomm|Sell|17 Jul|2305.75|25|$92.23 |
 |Qualcomm|Sell|21 Aug|556.75|5|$111.35 |
 |Qualcomm|Sell|24 Jun|2232|25|$89.28 |
 |Qualcomm|Sell|3 Aug|2192.2|20|$109.61 |
 |Rackspace Technology|Buy|16 Nov|795|50|$15.90 |
 |Rackspace Technology|Buy|16 Sep|906|50|$18.12 |
 |Rackspace Technology|Buy|17 Aug|967|50|$19.34 |
 |Rackspace Technology|Buy|20 Aug|889.5|50|$17.79 |
 |Rackspace Technology|Sell|4 Sep|1882.98|99|$19.02 |
 |Revance Therapeutics|Sell|10 Aug|254|10|$25.40 |
 |Revance Therapeutics|Sell|7 Aug|2592.01|100|$25.92 |
 |Rigel Pharmaceuticals|Buy|9 Jul|943.8|500|$1.89 |
 |Rigel Pharmaceuticals|Sell|13 Jul|519.33|258|$2.01 |
 |Rigel Pharmaceuticals|Sell|2 Oct|571.63|242|$2.36 |
 |Rimini Street|Buy|16 Sep|178.37|47|$3.80 |
 |Rimini Street|Buy|7 Oct|485.99|150|$3.24 |
 |Rimini Street|Sell|27 Oct|703.43|199|$3.53 |
 |Rockwell Medical|Buy|19 Jul|20.5|10|$2.05 |
 |Rockwell Medical|Buy|23 Sep|609.95|500|$1.22 |
 |Rockwell Medical|Buy|24 Aug|461.97|300|$1.54 |
 |Rockwell Medical|Buy|2 Sep|247.96|200|$1.24 |
 |Salesforce|Sell|24 Jul|942.05|5|$188.41 |
 |Salesforce|Sell|8 Jun|3461.71|20|$173.09 |
 |Selecta Biosciences| Buy |12 Jun|661.5|245|$2.70 |
 |Selecta Biosciences|Buy|12 Jun|727.5|250|$2.91 |
 |Selecta Biosciences|Buy|17 Jun|1295|500|$2.59 |
 |Selecta Biosciences|Buy|23 Jun|300.87|100|$3.01 |
 |Selecta Biosciences|Buy|23 Jun|449.1|155|$2.90 |
 |Selecta Biosciences|Sell|18 Jun|1201.2|400|$3.00 |
 |Selecta Biosciences|Sell|27 Nov|1704.09|499|$3.42 |
 |Slack|Sell|8 Jun|154.12|5|$30.82 |
 |Sorrento Therapeutics|Buy|11 Aug|1755|100|$17.55 |
 |Sorrento Therapeutics|Buy|12 Aug|1241|100|$12.41 |
 |Sorrento Therapeutics|Sell|10 Jun|1582.46|350|$4.52 |
 |Sorrento Therapeutics|Sell|9 Oct|2254.22|200|$11.27 |
 |Spartan Energy Acquisition|Buy|16 Jul|695|50|$13.90 |
 |Spartan Energy Acquisition|Buy|26 Oct|499.75|50|$10.00 |
 |SPDR S&P 500 ETF|Buy|21 Sep|1616.49|5|$323.30 |
 |SPDR S&P 500 ETF|Sell|9 Oct|1731.8|5|$346.36 |
 |Spero Therapeutics|Buy|11 Sep|249|25|$9.96 |
 |Spero Therapeutics|Buy|12 Jun|1190.99|100|$11.91 |
 |Spero Therapeutics|Buy|15 Sep|1006.07|100|$10.06 |
 |Spero Therapeutics|Buy|24 Nov|3108.94|200|$15.54 |
 |Spero Therapeutics|Buy|27 Aug|2181.56|225|$9.70 |
 |Spero Therapeutics|Buy|8 Jun|2706|200|$13.53 |
 |Spero Therapeutics|Sell|16 Jul|1034|80|$12.93 |
 |Spero Therapeutics|Sell|7 Oct|1956.36|150|$13.04 |
 |Spero Therapeutics|Sell|8 Sep|3595.23|275|$13.07 |
 |Spero Therapeutics|Sell|9 Oct|1979.55|149|$13.29 |
 |Spirit Airlines| Buy |24 Jul|1318.4|80|$16.48 |
 |Spirit Airlines| Buy |31 Jul|1262.11|80|$15.78 |
 |Sunnova Energy| Buy |21 Aug|714|30|$23.80 |
 |Sunnova Energy|Buy|30 Nov|204.45|5|$40.89 |
 |Sunnova Energy|Sell|2 Oct|950.77|30|$31.69 |
 |Synlogic|Buy|11 Aug|498|200|$2.49 |
 |Synlogic|Buy|29 Oct|385.96|200|$1.93 |
 |Taiwan Liposome|Buy|23 Sep|941.86|200|$4.71 |
 |TELA Bio| Buy |28 Jun|1300|100|$13.00 |
 |TELA Bio|Buy|29 Jun|639|50|$12.78 |
 |TELA Bio|Sell|13 Aug|2104.52|150|$14.03 |
 |Tennant|Sell|10 Aug|1055.25|15|$70.35 |
 |Tennant|Sell|10 Aug|710.7|10|$71.07 |
 |TG Therapeutics|Buy|24 Jun|3665.32|200|$18.33 |
 |TG Therapeutics| Sell |7 Jul|4522|200|$22.61 |
 |TherapeuticsMD|Buy|18 Aug|850.8|499|$1.71 |
 |TherapeuticsMD|Buy|18 Nov|649.3|500|$1.30 |
 |TherapeuticsMD|Buy|29 Jun|593.81|499|$1.19 |
 |Tiziana Life Sciences|Buy|21 Sep|539.93|150|$3.60 |
 |Tiziana Life Sciences|Sell|9 Oct|703.5|150|$4.69 |
 |Tortoise Acquisition| Buy |24 Jul|894.5|50|$17.89 |
 |Tortoise Acquisition|Buy|7 Jul|1177.5|50|$23.55 |
 |Tortoise Acquisition|Sell|13 Aug|2362.5|100|$23.63 |
 |Trillium Therapeutics|Buy|9 Sep|1309|100|$13.09 |
 |Trillium Therapeutics|Sell|17 Nov|1676.74|100|$16.77 |
 |Two Harbors Investment|Buy|8 Jun|584.99|100|$5.85 |
 |Two Harbors Investment|Buy|8 Jun|590.74|100|$5.91 |
 |Two Harbors Investment|Sell|5 Aug|1082.52|200|$5.41 |
 |Tyson Foods|Buy|26 Oct|1430.73|25|$57.23 |
 |Uber|Buy|24 Jun|1377.8|45|$30.62 |
 |Uber|Sell|9 Oct|1870.09|50|$37.40 |
 |uniQure|Buy|21 Jul|1077.75|25|$43.11 |
 |uniQure|Sell|11 Aug|1027.75|25|$41.11 |
 |United Airlines|Buy|8 Jun|688.2|15|$45.88 |
 |Urovant Sciences|Buy|10 Nov|1595.98|200|$7.98 |
 |Urovant Sciences|Buy|16 Jul|1696.82|200|$8.48 |
 |Urovant Sciences|Buy|19 Jun|1109.49|100|$11.09 |
 |Urovant Sciences|Buy|22 Jun|1032|100|$10.32 |
 |Urovant Sciences|Sell|10 Sep|1860|200|$9.30 |
 |Urovant Sciences|Sell|13 Nov|6410|400|$16.03 |
 |VBI Vaccines|Buy|10 Aug|418.8|100|$4.19 |
 |VBI Vaccines| Buy |12 Aug|384.98|110|$3.50 |
 |VBI Vaccines|Buy|28 Oct|955.4|400|$2.39 |
 |VBI Vaccines| Buy |7 Jul|33.7|10|$3.37 |
 |VBI Vaccines|Buy|8 Jul|747.74|200|$3.74 |
 |Verastem|Buy|16 Jul|689.35|500|$1.38 |
 |Verastem|Buy|28 Aug|654.35|500|$1.31 |
 |Verastem|Buy|8 Jul|1518.7|1000|$1.52 |
 |Verastem|Sell|1 Dec|1026.05|500|$2.05 |
 |Workhorse| Buy |1 Dec|543.75|25|$21.75 |
 |Workhorse|Buy|24 Sep|223.9|10|$22.39 |
 |Workhorse|Sell|7 Oct|216.77|9|$24.09 |
 |Zosano Pharma|Buy|27 Oct|200|500|$0.40 |
 |Zosano Pharma|Buy|28 Oct|189.55|500|$0.3791 |
 |Zosano Pharma|Buy|3 Sep|694.1|500|$1.39 |
 |Zosano Pharma|Sell|15 Sep|840.7|500|$1.68 |
 |Zosano Pharma|Sell|16 Sep|887.35|500|$1.77 |
